Image,Label
402124007.png,
20328626.jpeg,
21235419.jpeg,
188238579.png,
266831585.jpeg,
10674923.jpeg,
11545830.jpeg,
539342539.jpeg,
111993936.jpeg,
6963610.jpeg,
19754880.jpeg,
347124305.jpeg,
36198751.png,
330911987.jpeg,
245277831.jpeg,
636702294.jpeg,
234915339.png,
593187813.jpeg,
56376386.jpeg,
335307954.png,
11352122.jpeg,
10256151.jpeg,
186920821.jpeg,
216319301.jpeg,
231190514.png,
31816837.jpeg,
400106806.jpeg,
596521405.jpeg,
216643732.jpg,
522980292.jpeg,
197841286.jpeg,
80920235.jpeg,
0777738.jpeg,
249667729.jpeg,
145123550.jpeg,
276674679.png,
66640991.jpeg,
338755300.jpeg,
389746075.jpeg,
2852089.jpeg,
4767455.jpeg,
397793764.jpeg,
503509928.jpeg,
181426145.jpg,
325218220.jpeg,
316508403.jpeg,
10779808.jpeg,
353440531.jpeg,
184910011.jpeg,
142598916.jpeg,
7232029.jpeg,
54297332.png,
138353166.png,
170908011.jpeg,
599572133.jpeg,
401680512.png,
213807718.jpeg,
372851859.jpeg,
485553871.jpeg,
146248074.jpeg,
513948076.jpeg,
254216862.jpeg,
164914182.jpeg,
566320558.jpeg,
534696584.jpeg,
588632762.jpeg,
391687124.jpeg,
390195011.png,
266287682.jpeg,
415475589.jpeg,
550335188.jpeg,
432242332.jpeg,
11971304.png,
424325341.jpeg,
317329362.jpeg,
337385832.jpg,
71489582.jpeg,
523833667.jpeg,
548977352.jpeg,
27913684.jpeg,
143750423.jpeg,
275552818.jpeg,
545726869.jpeg,
59987863.jpeg,
452425330.jpeg,
546442205.jpeg,
45822710.jpeg,
378618615.jpeg,
399638405.jpeg,
65593865.jpg,
217910082.png,
28958890.png,
49562187.jpeg,
225208802.jpeg,
505272635.jpeg,
324158890.jpeg,
403445760.png,
267401811.png,
394671235.jpeg,
187692863.jpeg,
70836631.jpeg,
295744140.jpeg,
192301058.jpeg,
318565035.png,
383379112.jpeg,
337563339.jpeg,
493429115.jpeg,
238229127.jpeg,
150850741.png,
432494359.jpeg,
411739756.jpeg,
223463051.jpeg,
166321486.jpeg,
75955923.jpeg,
570889527.jpeg,
157446270.jpeg,
141863110.jpeg,
460439802.jpeg,
371819452.jpeg,
71243231.jpeg,
29056110.jpeg,
117560797.jpeg,
358492427.png,
304792154.png,
258346825.jpeg,
303608822.jpeg,
324711741.png,
571344100.jpeg,
040263.jpeg,
38137826.png,
165296841.jpeg,
517209766.jpeg,
162701037.png,
475421420.jpeg,
276793173.jpeg,
217847889.jpeg,
613365215.jpeg,
123325136.jpeg,
461323699.jpeg,
391203177.jpeg,
212734249.jpeg,
651180519.jpeg,
425716630.jpeg,
199421490.jpeg,
3184319.jpeg,
126307058.jpeg,
31245998.jpeg,
363549817.jpeg,
82424924.jpeg,
643791781.jpeg,
28811898.png,
131226856.jpeg,
589986019.jpeg,
202846859.jpeg,
15925689.jpeg,
403802041.jpeg,
519426587.jpeg,
184355935.jpeg,
87957497.jpeg,
118551363.jpeg,
213538292.jpg,
43785618.jpeg,
329970013.png,
358657359.jpeg,
331465724.jpeg,
410633368.jpeg,
298911892.jpeg,
628566704.jpeg,
183916797.jpg,
15459704.jpeg,
429372075.jpeg,
362472295.jpeg,
71537910.jpeg,
30280208.jpeg,
497349813.jpeg,
280169118.jpeg,
559265080.jpeg,
318102610.jpeg,
134259858.jpeg,
412412092.jpeg,
56565364.jpeg,
25177694.png,
265641647.jpeg,
267458848.jpeg,
93490032.jpg,
126768317.jpg,
252742491.jpeg,
361595203.jpeg,
193578364.jpeg,
92690536.jpeg,
589520714.jpeg,
392835007.jpeg,
524149427.jpeg,
259403752.png,
98777712.jpeg,
70795821.png,
165201707.jpeg,
40498341.jpeg,
565263164.jpeg,
261661816.png,
345786684.png,
265759154.jpeg,
621283143.jpeg,
256199202.png,
265265103.png,
131170700.jpeg,
489872343.jpeg,
258437347.jpeg,
299855035.jpeg,
241443184.jpeg,
454684198.jpeg,
348198115.jpeg,
5264695.jpeg,
24169231.jpeg,
479501637.jpeg,
35497500.jpeg,
321291140.jpeg,
234361463.jpeg,
12926440.jpeg,
191651465.jpeg,
188560746.jpeg,
128826625.jpeg,
208891523.jpeg,
74225174.jpeg,
127438827.jpeg,
377156045.jpeg,
210522155.png,
233528008.jpeg,
44783272.jpeg,
388300695.jpeg,
142631592.jpeg,
372308713.jpg,
549474924.jpeg,
477881588.jpeg,
547652789.jpeg,
27398384.png,
346129838.jpeg,
13364638.jpeg,
84699018.jpeg,
402726370.jpeg,
20250657.jpeg,
172148048.jpeg,
167116054.jpeg,
69490724.jpeg,
53110770.png,
449314144.jpeg,
137560586.jpeg,
220224391.jpeg,
40490777.png,
330450663.jpeg,
151826377.jpg,
355872211.jpeg,
267373811.jpeg,
602547314.jpeg,
419574502.jpeg,
195769535.jpeg,
436763848.jpeg,
660358312.jpeg,
227636205.png,
120186574.jpeg,
88251828.png,
619357221.jpeg,
248879727.jpeg,
664463265.jpeg,
248891473.jpeg,
27262248.png,
403505222.jpeg,
314149497.jpeg,
241456276.jpeg,
237487502.jpeg,
207847164.jpeg,
152195180.jpeg,
173228486.jpg,
434790533.jpeg,
48491979.png,
68280029.jpeg,
600954277.jpeg,
259719616.jpeg,
25696247.jpeg,
592583429.jpeg,
297495843.jpeg,
594564534.jpeg,
286885621.png,
146411760.jpeg,
145694786.jpeg,
543591260.jpeg,
421339146.jpeg,
347515523.jpeg,
514567016.jpeg,
380348883.jpeg,
217279968.jpeg,
59690127.jpeg,
516497716.jpeg,
577595239.jpeg,
33585313.jpeg,
20231059.jpeg,
448834992.jpeg,
298277022.jpeg,
427694033.jpeg,
39180429.jpeg,
157676012.jpeg,
232935803.png,
647696171.jpeg,
321419986.jpeg,
263695595.jpeg,
274884740.jpeg,
491589162.jpeg,
528603085.jpeg,
189482539.jpeg,
28491606.jpeg,
311673358.jpeg,
583427008.jpeg,
87956925.jpeg,
134828663.jpeg,
544341964.jpeg,
121283966.jpeg,
4178595.jpeg,
218954275.jpeg,
25827110.png,
404642494.jpeg,
314240047.jpeg,
178326245.jpeg,
204851638.jpeg,
356565805.jpeg,
1322685.jpeg,
83282773.jpg,
502889396.jpeg,
35659196.jpeg,
604279745.jpeg,
9947263.jpeg,
81475516.jpeg,
4306069.png,
3957269.jpeg,
86575122.png,
12902449.jpeg,
320325698.jpeg,
611114062.jpeg,
305260970.jpeg,
33364229.jpeg,
123789527.jpeg,
65787464.jpeg,
89564400.jpeg,
509307627.jpeg,
36265997.jpeg,
50119848.png,
356572766.jpeg,
239660643.jpeg,
5729753.jpeg,
68141781.jpg,
663290082.jpeg,
345599199.jpeg,
481520573.jpeg,
60612654.jpeg,
283957062.jpeg,
338662439.png,
453701956.jpeg,
606979621.jpeg,
93559118.jpeg,
645545738.jpeg,
219535494.jpeg,
499172213.jpeg,
418853001.jpeg,
13613269.jpg,
170871224.jpeg,
360747863.png,
34756369.jpeg,
13377048.jpeg,
361777242.jpeg,
595623846.jpeg,
305864554.jpeg,
441272704.jpeg,
350603018.png,
399455019.png,
339892877.png,
58816551.png,
578727723.jpeg,
119145669.jpeg,
456942595.jpeg,
505897954.jpeg,
283820556.jpeg,
405533772.jpeg,
296910194.jpeg,
369980488.jpeg,
35340617.jpeg,
190396416.jpeg,
142172796.png,
8142540.jpeg,
49980939.jpeg,
220786852.jpeg,
316342938.jpeg,
8559162.jpeg,
473339607.jpeg,
578242651.jpeg,
460268228.jpeg,
415358811.png,
27496082.png,
344993646.jpeg,
383729087.jpeg,
105615245.jpeg,
655137057.jpeg,
616647598.jpeg,
278495997.jpeg,
31335817.jpeg,
485975601.jpeg,
464770257.jpeg,
330809672.png,
247808038.png,
55692882.jpeg,
476221590.jpeg,
245308217.jpeg,
28281205.png,
303320510.jpeg,
91476830.jpeg,
214735856.jpeg,
23956073.jpeg,
556169557.jpeg,
243750791.jpeg,
98633775.jpeg,
91847150.jpeg,
254240462.png,
57990163.jpeg,
597582870.jpeg,
545163486.jpeg,
354452279.jpeg,
56323113.jpeg,
12119481.png,
483675909.jpeg,
34277220.png,
0621724.jpeg,
161909425.jpeg,
22181107.jpeg,
373908730.png,
459169794.jpeg,
4639440.jpeg,
348297584.png,
153703730.jpeg,
454167484.jpeg,
7872088.jpeg,
56469471.png,
387926609.png,
263744.png,
228480734.jpeg,
1931523.jpeg,
206243325.jpeg,
317139474.png,
469951591.jpeg,
77787664.jpeg,
39114540.png,
177974648.png,
503951856.jpeg,
44634273.png,
24606019.png,
218480838.jpeg,
200701465.jpeg,
61902906.jpeg,
13183326.jpeg,
58413695.jpeg,
29162480.jpeg,
355878790.png,
31982727.jpg,
574561062.jpeg,
133370911.png,
323439096.jpeg,
278985403.jpeg,
338570962.jpeg,
281676134.png,
88620578.jpeg,
127126503.jpeg,
77747066.png,
206220152.jpeg,
306769545.jpeg,
450384971.jpeg,
435710827.jpeg,
529200250.jpeg,
508651377.jpeg,
73630565.jpeg,
659332262.jpeg,
135859431.jpeg,
418736286.jpeg,
141271976.jpeg,
5001566.jpeg,
837711.jpeg,
168490915.jpeg,
408906883.jpeg,
21446397.jpeg,
387237118.jpeg,
297565150.jpeg,
137206964.jpeg,
52786186.jpeg,
253643500.jpeg,
17695837.jpeg,
42964877.jpeg,
300238840.jpeg,
150151236.jpeg,
443512885.jpeg,
48855.jpeg,
280574781.png,
540446246.jpeg,
382746854.jpeg,
175254813.jpg,
109152324.jpeg,
389173173.jpeg,
180520918.jpeg,
400335390.jpg,
437370360.jpeg,
46254727.jpeg,
472806412.jpeg,
486664429.jpeg,
232629532.jpeg,
256499192.jpeg,
223507116.jpeg,
178434487.jpeg,
510641086.jpeg,
